listing_id,manufacturer,price,location,Model:,Condition:,Location:,Listing ID:,Update:,Year of construction:,Mileage:
21468897,Kenworth,"$43,000                            
         ONO plus VAT",Atlanta,W900L,ready for operation (used),"Atlanta, United States",A214-68-897,10.03.2026,,
21507582,Scania,"€57,174                            
         Fixed price plus VAT        
        (€71,468 gross)",Norway,R730 6x4 Tractor Unit with Hydraulics and Raised X,used,Trøndelag,A215-07-582,15.03.2026,2016,"700,000 km"
21486682,Volvo,"€147,616                            
         Fixed price plus VAT        
        (€184,520 gross)",Norway,FH 500 6x4 Tractor w/ 2024 Rojo Tipper Semi,used,Nord-Trøndelag,A214-86-682,12.03.2026,2021,"320,000 km"
21140282,MAN,"€34,823                            
                                            €38,110                                    
         Fixed price plus VAT        
        (€43,529 gross)",Norway,TGX 33.500 6x4 Tractor Unit,used,Akershus,A211-40-282,12.03.2026,2017,"132,225 km"
21508207,MAN,"€16,950                            
         ONO plus VAT        
        (€20,510 gross)",Vuren,18.400 TGX HYDRODRIVE,good (used),"Vuren, The Netherlands",A215-08-207,14.03.2026,2014,"688,102 km"
21508202,MAN,"€16,950                            
         ONO plus VAT        
        (€20,510 gross)",Vuren,18.400 TGX HYDRODRIVE,good (used),"Vuren, The Netherlands",A215-08-202,14.03.2026,2014,"740,932 km"
21508197,MAN,"€16,950                            
         ONO plus VAT        
        (€20,510 gross)",Vuren,18.400 TGX HYDRODRIVE,good (used),"Vuren, The Netherlands",A215-08-197,14.03.2026,2014,"708,608 km"
21508192,VOLVO,"€92,900                            
         ONO plus VAT        
        (€112,409 gross)",Vuren,FH 500,good (used),"Vuren, The Netherlands",A215-08-192,14.03.2026,2024,"296,872 km"
21508177,MERCEDES-BENZ,"€55,900                            
         ONO plus VAT        
        (€67,639 gross)",Vuren,ACTROS 1845 LS Hydrodrive,good (used),"Vuren, The Netherlands",A215-08-177,14.03.2026,2022,"391,152 km"
21508157,MAN,"€14,900                            
         ONO plus VAT        
        (€18,029 gross)",Vuren,18.500 TGX,good (used),"Vuren, The Netherlands",A215-08-157,14.03.2026,2017,"641,098 km"
21508117,SCANIA,"€18,900                            
         ONO plus VAT        
        (€22,869 gross)",Vuren,R450,good (used),"Vuren, The Netherlands",A215-08-117,14.03.2026,2015,"1,103,800 km"
21508102,SCANIA,"€39,950                            
         ONO plus VAT        
        (€48,340 gross)",Vuren,R500,good (used),"Vuren, The Netherlands",A215-08-102,14.03.2026,2019,"835,034 km"
21508087,MAN,"€16,950                            
         ONO plus VAT        
        (€20,510 gross)",Vuren,18.460 TGX,good (used),"Vuren, The Netherlands",A215-08-087,14.03.2026,2018,"619,838 km"
21508077,MAN,"€15,950                            
         ONO plus VAT        
        (€19,300 gross)",Vuren,18.460 TGX,good (used),"Vuren, The Netherlands",A215-08-077,14.03.2026,2018,"637,032 km"
21508072,MAN,"€15,950                            
         ONO plus VAT        
        (€19,300 gross)",Vuren,18.460 TGX,good (used),"Vuren, The Netherlands",A215-08-072,14.03.2026,2018,"680,832 km"
21508067,MAN,"€19,950                            
         ONO plus VAT        
        (€24,140 gross)",Vuren,18.460 TGX,good (used),"Vuren, The Netherlands",A215-08-067,14.03.2026,2019,"716,627 km"
21508027,SCANIA,"€12,950                            
         ONO plus VAT        
        (€15,670 gross)",Vuren,G420 HL E5 ADBLEU,good (used),"Vuren, The Netherlands",A215-08-027,14.03.2026,2011,"1,111,586 km"
21507367,MAN,"€18,900                            
         ONO plus VAT        
        (€22,869 gross)",Vuren,18.430 TGS,good (used),"Vuren, The Netherlands",A215-07-367,14.03.2026,2018,"474,797 km"
20821132,Mercedes,"€37,400                            
                                            €38,900                                    
         Fixed price plus VAT        
        (€45,254 gross)",Veghel,Arocs 3351 Arocs 6X6 Hydrodrive Big-Axle,used,"Veghel, Netherlands",A208-21-132,14.03.2026,2016,"495,717 km"
21508567,Scania,"€58,900                            
         Fixed price plus VAT        
        (€71,269 gross)",Veghel,R500 4X2 Retarder 2xTanks Standklima Navi ACC,used,"Veghel, Netherlands",A215-08-567,14.03.2026,2021,"446,746 km"
21508547,Scania,"€46,900                            
         Fixed price plus VAT        
        (€56,749 gross)",Veghel,R580 R 6X2 V8 Full-Air Retarder PTO Alcoa Navi ...,used,"Veghel, Netherlands",A215-08-547,14.03.2026,2019,"751,526 km"
21154992,Iveco,"€85,400                            
         Fixed price plus VAT        
        (€103,334 gross)",Veghel,S-Way 500 4X2 NEW! 2xTanks HPEB Standklima ACC ...,new,"Veghel, Netherlands",A211-54-992,14.03.2026,2026,11 km
21508242,MAN,"€17,900                            
         Fixed price plus VAT        
        (€21,659 gross)",Veghel,TGX 18.460 TGX 4X2 XXL Retarder 2xTanks,used,"Veghel, Netherlands",A215-08-242,14.03.2026,2018,"461,851 km"
21134702,Renault,"€165,000                            
         Fixed price plus VAT        
        (€199,650 gross)",Veghel,K 520 K 6X6 Palfinger S260L87 Holz Crane wood t...,used,"Veghel, Netherlands",A211-34-702,14.03.2026,2022,"56,238 km"
21500947,MAN,"€27,950                            
         ONO plus VAT        
        (€33,820 gross)",Vuren,TGX 18.470 / 2x Tank / Retarder / Euro 6,good (used),"Vuren, Netherlands",A215-00-947,13.03.2026,2021,"455,440 km"
21500917,MAN,"€27,950                            
         ONO plus VAT        
        (€33,820 gross)",Vuren,TGX 18.470 / 2x Tank / Retarder / Euro 6,good (used),"Vuren, Netherlands",A215-00-917,13.03.2026,2021,"424,070 km"
21042452,Mercedes-Benz,"€10,950                            
                                            €11,950                                    
         ONO plus VAT        
        (€13,250 gross)",Vuren,Actros Big space / Automatic,good (used),"Vuren, Netherlands",A210-42-452,13.03.2026,2014,"909,801 km"
21496577,SCANIA,"€16,950                            
         ONO plus VAT        
        (€20,510 gross)",Vuren,G410,good (used),"Vuren, The Netherlands",A214-96-577,14.03.2026,2015,"1,030,887 km"
21496562,MERCEDES-BENZ,"€48,900                            
         ONO plus VAT        
        (€59,169 gross)",Vuren,ACTROS 1848 LS BIG SPACE,good (used),"Vuren, The Netherlands",A214-96-562,14.03.2026,2021,"351,402 km"
21496532,MAN,"€16,950                            
         ONO plus VAT        
        (€20,510 gross)",Vuren,18.460 TGX,good (used),"Vuren, The Netherlands",A214-96-532,13.03.2026,2018,"632,359 km"
21496512,DAF,"€10,900                            
         ONO plus VAT        
        (€13,189 gross)",Vuren,XF 440 MANUAL,used,"Vuren, The Netherlands",A214-96-512,14.03.2026,2014,"902,635 km"
21496487,SCANIA,"€20,950                            
         ONO plus VAT        
        (€25,350 gross)",Vuren,R410,good (used),"Vuren, The Netherlands",A214-96-487,13.03.2026,2016,"1,149,657 km"
21504297,DAF,"€29,400                            
         Fixed price plus VAT        
        (€35,574 gross)",Veghel,XF 530 4X2 SC Retarder,used,"Veghel, Netherlands",A215-04-297,13.03.2026,2021,"362,971 km"
21504292,Iveco,"€49,900                            
         Fixed price plus VAT        
        (€60,379 gross)",Veghel,S-Way 490 S-Way 4X2 AS Retarder 2xTanks Navi St...,used,"Veghel, Netherlands",A215-04-292,13.03.2026,2023,"279,225 km"
21504282,DAF,"€30,900                            
         Fixed price plus VAT        
        (€37,389 gross)",Veghel,XF 530 4X2 SC Retarder,used,"Veghel, Netherlands",A215-04-282,13.03.2026,2021,"291,377 km"
21504277,MAN,"€32,400                            
         Fixed price plus VAT        
        (€39,204 gross)",Veghel,TGX 18.470 4X2 GX Mega Retarder 2xTanks,used,"Veghel, Netherlands",A215-04-277,13.03.2026,2021,"440,923 km"
21504272,Mercedes,"€41,900                            
         Fixed price plus VAT        
        (€50,699 gross)",Veghel,Actros 1846 4X2 Bigspace Retarder Mirrorcam Navi,used,"Veghel, Netherlands",A215-04-272,13.03.2026,2021,"393,075 km"
21504262,Mercedes,"€41,400                            
         Fixed price plus VAT        
        (€50,094 gross)",Veghel,Actros 1846 4X2 Bigspace Retarder Mirrorcam Navi,used,"Veghel, Netherlands",A215-04-262,13.03.2026,2021,"405,445 km"
21504257,Mercedes,"€41,900                            
         Fixed price plus VAT        
        (€50,699 gross)",Veghel,Actros 1846 4X2 Bigspace Retarder Mirrorcam Navi,used,"Veghel, Netherlands",A215-04-257,13.03.2026,2021,"369,192 km"
21504252,Mercedes,"€41,400                            
         Fixed price plus VAT        
        (€50,094 gross)",Veghel,Actros 1846 4X2 Bigspace Retarder Mirrorcam Navi,used,"Veghel, Netherlands",A215-04-252,13.03.2026,2021,"400,426 km"
21500687,VOLVO,"€56,600                            
         Fixed price plus VAT        
        (€68,486 gross)",Heteren,FH 460 Globetrotter XL i-Save,used,,A215-00-687,13.03.2026,2022,"509,495 km"
21500167,VOLVO,"€64,800                            
         Fixed price plus VAT        
        (€78,408 gross)",Heteren,FH 460 Globetrotter XL i-Save,used,,A215-00-167,13.03.2026,2023,"383,706 km"
21500162,VOLVO,"€69,500                            
         Fixed price plus VAT        
        (€84,095 gross)",Heteren,FH 460 Globetrotter XL i-Save,used,,A215-00-162,13.03.2026,2023,"258,005 km"
21500977,Volvo,"€31,900                            
         Fixed price plus VAT        
        (€38,599 gross)",Veghel,FH 460 4X2 Mega 2xTanks VEB+ Alcoa's I-ParkCool,used,"Veghel, Netherlands",A215-00-977,13.03.2026,2019,"533,452 km"
21499322,Volvo,"€31,400                            
         Fixed price plus VAT        
        (€37,994 gross)",Veghel,FH 500 FH 4X2 NL VEB+ 2xTanks I-ParkCool,used,"Veghel, Netherlands",A214-99-322,13.03.2026,2018,"776,170 km"
21168762,DAF,"€64,900                            
         ONO plus VAT        
        (€78,529 gross)",Vuren,XG+ 530 XG+ INTARDER 2X TANK,good (used),"Vuren, The Netherlands",A211-68-762,12.03.2026,2023,"342,797 km"
21496517,Scania,"€128,900                            
         Fixed price plus VAT        
        (€155,969 gross)",Veghel,S560 4X2 NEW! Retarder 2xTanks LED ACC Standkli...,new,"Veghel, Netherlands",A214-96-517,13.03.2026,2026,6 km
21496502,Scania,"€128,900                            
         Fixed price plus VAT        
        (€155,969 gross)",Veghel,S560 4X2 NEW! Retarder 2xTanks LED ACC Standkli...,new,"Veghel, Netherlands",A214-96-502,13.03.2026,2026,6 km
21496482,Scania,"€120,900                            
         Fixed price plus VAT        
        (€146,289 gross)",Veghel,S460 4X2 NEW! Retarder Full-Air 2xTanks LED ACC...,new,"Veghel, Netherlands",A214-96-482,13.03.2026,2026,11 km
20805862,MAN,"€14,900                            
         Fixed price plus VAT        
        (€17,731 gross)",Viersen,TGX 18.440 4x2   BLS  XLX,used,,A208-05-862,14.03.2026,2015,"499,999 km"
21488377,Volvo,"€10,950                            
         ONO plus VAT        
        (€13,250 gross)",Vuren,FM 420 Engine Damage / Euro 6 / Automatic,good (used),"Vuren, Netherlands",A214-88-377,12.03.2026,2016,"848,751 km"
21487137,MAN,"€23,950                            
         ONO plus VAT        
        (€28,980 gross)",Vuren,18.460 TGX XLX 4X4H PTO+HYDR.,good (used),"Vuren, The Netherlands",A214-87-137,14.03.2026,2017,"418,789 km"
21487122,MAN,"€21,900                            
         ONO plus VAT        
        (€26,499 gross)",Vuren,18.430 TGS 385TKM E6D INTARDER,good (used),"Vuren, The Netherlands",A214-87-122,14.03.2026,2020,"385,279 km"
21487022,SCANIA,"€29,900                            
         ONO plus VAT        
        (€36,179 gross)",Vuren,R450,good (used),"Vuren, The Netherlands",A214-87-022,12.03.2026,2018,"656,594 km"
21486957,SCANIA,"€94,900                            
         ONO plus VAT        
        (€114,829 gross)",Vuren,R460 SUPER PTO+HYDR. LED,good (used),"Vuren, The Netherlands",A214-86-957,14.03.2026,2024,"123,153 km"
21486882,DAF,"€15,950                            
         ONO plus VAT        
        (€19,300 gross)",Vuren,CF 450 SPACECAB ALCOA'S,good (used),"Vuren, The Netherlands",A214-86-882,12.03.2026,2020,"928,314 km"
21508652,DAF,"€45,400                            
         Fixed price plus VAT        
        (€54,026 gross)",Dortmund,XF 480 4X2 2xTanks ACC Euro6,used,"Dortmund, Germany",A215-08-652,14.03.2026,2022,"370,100 km"
21508642,DAF,"€45,400                            
         Fixed price plus VAT        
        (€54,026 gross)",Dortmund,XF 480 4X2 2xTanks ACC Euro6,used,"Dortmund, Germany",A215-08-642,15.03.2026,2022,"398,271 km"
21508637,DAF,"€33,900                            
         Fixed price plus VAT        
        (€40,341 gross)",Dortmund,XF 480 4X2 Retarder 2xTanks Standklima ACC Euro6,used,"Dortmund, Germany",A215-08-637,14.03.2026,2021,"505,324 km"
21508592,DAF,"€52,900                            
         Fixed price plus VAT        
        (€62,951 gross)",Dortmund,XG 480 4X2 Retarder 2xTanks Standklima ACC Euro6,used,"Dortmund, Germany",A215-08-592,14.03.2026,2022,"320,348 km"
21508307,Iveco,"€82,900                            
         Fixed price plus VAT        
        (€98,651 gross)",Dortmund,S-Way 500 4X2 NEW! HPEB 2xTanks Standklima LED ...,new,"Dortmund, Germany",A215-08-307,14.03.2026,2026,240 km
21507677,Iveco,"€81,900                            
         Fixed price plus VAT        
        (€97,461 gross)",Dortmund,S-Way 500 4X2 NEW! HPEB ACC Navi Mirrorcams Euro 6,new,"Dortmund, Germany",A215-07-677,14.03.2026,2026,494 km
21500902,DAF,"€28,900                            
         Fixed price plus VAT        
        (€34,969 gross)",Madrid,XF 530 4X2 SSC Retarder Hydraulik 2xTanks Stand...,used,"Madrid, Spain",A215-00-902,13.03.2026,2019,"518,157 km"
21499452,Scania,"€124,900                            
         Fixed price plus VAT        
        (€151,129 gross)",Madrid,S500 4X2 NEW! Retarder Full-Air 2xTanks LED ACC...,new,"Madrid, Spain",A214-99-452,13.03.2026,2026,8 km
21499432,Mercedes,"€107,900                            
         Fixed price plus VAT        
        (€130,559 gross)",Madrid,Actros 1848 4X2 NEW! ProCabin-Big 2x tanks Reta...,new,"Madrid, Spain",A214-99-432,13.03.2026,2025,69 km
21506277,MAN,"€28,900                            
         Fixed price plus VAT        
        (€34,391 gross)",Sittensen,"18.500 TGX 4x2, Intarder, Voll-Luft, Hydr.,Klima",used,,A215-06-277,14.03.2026,,"432,700 km"
21506252,MAN,"€28,900                            
         Fixed price plus VAT        
        (€34,391 gross)",Sittensen,"18.500 TGX 4x2, Intarder, Voll-Luft, Hydr.,Klima",used,,A215-06-252,14.03.2026,,"443,072 km"
21489487,Ford,"€34,400                            
         Fixed price plus VAT        
        (€41,624 gross)",Veghel,F-Max 500 4X2 Retarder Standklima 2xTanks ACC LED,used,"Veghel, Netherlands",A214-89-487,12.03.2026,2023,"239,140 km"
21489462,Ford,"€34,400                            
         Fixed price plus VAT        
        (€41,624 gross)",Veghel,F-Max 500 4X2 Retarder Standklima 2xTanks ACC LED,used,"Veghel, Netherlands",A214-89-462,12.03.2026,2023,"241,120 km"
21489427,Ford,"€37,400                            
         Fixed price plus VAT        
        (€45,254 gross)",Veghel,F-Max 500 4X2 Retarder Standklima 2xTanks ACC LED,used,"Veghel, Netherlands",A214-89-427,12.03.2026,2023,"152,714 km"
21489312,DAF,"€12,900                            
         Fixed price plus VAT        
        (€15,609 gross)",Veghel,XF 460 XF 4X2 SC MX-enginebrake Euro6,used,"Veghel, Netherlands",A214-89-312,12.03.2026,2014,"590,450 km"
21489077,Volvo,"€79,900                            
         Fixed price plus VAT        
        (€96,679 gross)",Veghel,FH 460 4X2 XL Hydraulik Full-Air TC I-ParkCool ...,used,"Veghel, Netherlands",A214-89-077,12.03.2026,2023,"175,635 km"
21488932,MAN,"€16,900                            
         Fixed price plus VAT        
        (€20,449 gross)",Veghel,TGX 18.460 4X2 XLX Retarder ACC 2x Tank,used,"Veghel, Netherlands",A214-88-932,12.03.2026,2018,"534,132 km"
21156012,Scania,"€22,850                            
         Fixed price plus VAT        
        (€27,648 gross)",Veghel,R450 4X2 Retarder 2xTanks Standklima,used,"Veghel, Netherlands",A211-56-012,12.03.2026,2016,"882,560 km"
21488527,Scania,"€54,900                            
         Fixed price plus VAT        
        (€66,429 gross)",Veghel,R450 4X2 COMING SOON! Mega Retarder 2x Tanks,used,"Veghel, Netherlands",A214-88-527,12.03.2026,2021,"477,249 km"
21487287,Renault,"€18,900                            
         Fixed price plus VAT        
        (€22,869 gross)",Veghel,T 460 6X2 NL-Truck Liftachse,used,"Veghel, Netherlands",A214-87-287,12.03.2026,2015,"614,296 km"
21364662,Scania,"€195,331                            
         Fixed price plus VAT        
        (€244,164 gross)",Nordland,R660 Tractor unit with hydraulics,used,Nordland,A213-64-662,03.03.2026,2024,"95,000 km"
21149837,DAF,"€8,900                            
                                            €9,400                                    
         Fixed price plus VAT        
        (€10,769 gross)",Veghel,XF 480 XF 4X2 Defects - Truck is driveable,used,"Veghel, Netherlands",A211-49-837,12.03.2026,2018,"982,266 km"
21477757,Renault,"€23,750                            
         ONO plus VAT        
        (€28,738 gross)",Vuren,T440 / ADR / Stand Airco / PTO / Good Tires,excellent (used),"Vuren, Netherlands",A214-77-757,11.03.2026,2019,"589,491 km"
21475002,DAF,"€53,900                            
         ONO plus VAT        
        (€65,219 gross)",Vuren,XF 530 SKIRTS INTARDER,good (used),"Vuren, The Netherlands",A214-75-002,14.03.2026,2022,"369,742 km"
21474977,DAF,"€17,900                            
         ONO plus VAT        
        (€21,659 gross)",Vuren,XF 460 SPACECAB 6X2 FTG NL,good (used),"Vuren, The Netherlands",A214-74-977,14.03.2026,2015,"1,080,076 km"
21474792,SCANIA,"€18,900                            
         ONO plus VAT        
        (€22,869 gross)",Vuren,R520 HL V8 LEATHER RET.,good (used),"Vuren, The Netherlands",A214-74-792,14.03.2026,2015,"1,249,860 km"
21474787,DAF,"€26,900                            
         ONO plus VAT        
        (€32,549 gross)",Vuren,XF 530 PTO+HYDR. INTARDER,good (used),"Vuren, The Netherlands",A214-74-787,14.03.2026,2021,"512,262 km"
21474752,SCANIA,"€39,900                            
         ONO plus VAT        
        (€48,279 gross)",Vuren,R580 V8 6X4 150TON,good (used),"Vuren, The Netherlands",A214-74-752,14.03.2026,2015,"573,188 km"
21483667,Scania,"€45,900                            
         Fixed price plus VAT        
        (€55,539 gross)",Veghel,S450 4X2 Retarder 2xTanks Alcoa's Standklima,used,"Veghel, Netherlands",A214-83-667,12.03.2026,2019,"743,007 km"
21483652,Iveco,"€36,400                            
         Fixed price plus VAT        
        (€44,044 gross)",Veghel,S-Way 570 4X2 Retarder 2xTanks Standklima Navi,used,"Veghel, Netherlands",A214-83-652,11.03.2026,2020,"627,424 km"
21483217,Scania,"€22,900                            
         Fixed price plus VAT        
        (€27,709 gross)",Veghel,R450 R 4X2 NL-Truck Retarder 2xTanks Navi,used,"Veghel, Netherlands",A214-83-217,12.03.2026,2016,"803,609 km"
21483127,Mercedes,"€20,400                            
         Fixed price plus VAT        
        (€24,684 gross)",Veghel,Actros 1848 4X2 GigaSpace Retarder 2xTanks Stan...,used,"Veghel, Netherlands",A214-83-127,11.03.2026,2013,"732,545 km"
21483122,MAN,"€32,900                            
         Fixed price plus VAT        
        (€39,809 gross)",Veghel,TGX 18.470 4X2 Retarder ADR ACC,used,"Veghel, Netherlands",A214-83-122,11.03.2026,2020,"436,006 km"
21119212,Mercedes,"€19,800                            
                                            €20,400                                    
         Fixed price plus VAT        
        (€23,958 gross)",Veghel,Actros 1845 Actros 4X2 NL-Truck StreamSpace Ret...,used,"Veghel, Netherlands",A211-19-212,11.03.2026,2018,"820,949 km"
21187489,DAF,"€7,900                            
                                            €8,700                                    
         Fixed price plus VAT        
        (€9,559 gross)",Veghel,XF 460 XF 4X2 SC ACC LED Euro 6,used,"Veghel, Netherlands",A211-87-489,11.03.2026,2016,"787,418 km"
21478222,MAN,"€57,400                            
         Fixed price plus VAT        
        (€69,454 gross)",Veghel,TGX 18.510 TGX 4X2 Individual Lion S! GX APK 02...,used,"Veghel, Netherlands",A214-78-222,11.03.2026,2021,"483,299 km"
21490137,Scania,"€128,900                            
         Fixed price plus VAT        
        (€155,969 gross)",Madrid,S560 4X2 NEW! Retarder Full-Air 2xTanks Leder S...,new,"Madrid, Spain",A214-90-137,13.03.2026,2026,9 km
21477832,Volvo,"€24,900                            
         Fixed price plus VAT        
        (€30,129 gross)",Veghel,FH 420 4X2 XL I-ParkCool Leatherseats 2xTanks,used,"Veghel, Netherlands",A214-77-832,11.03.2026,2018,"1,011,245 km"
21490032,Scania,"€124,900                            
         Fixed price plus VAT        
        (€151,129 gross)",Madrid,S500 4X2 NEW! Retarder 2xTanks LED ACC Standkli...,new,"Madrid, Spain",A214-90-032,12.03.2026,2026,10 km
21489982,Iveco,"€38,900                            
         Fixed price plus VAT        
        (€47,069 gross)",Madrid,X-Way 510 4X2 Retarder Equipo Hidráulico Euro 6,used,"Madrid, Spain",A214-89-982,12.03.2026,2021,"399,123 km"
21494907,MAN,"€44,900                            
         Fixed price plus VAT        
        (€53,431 gross)",Sittensen,"18.500 TGX 4X4, HydroDrive, Luft, Hydr., Klima",used,,A214-94-907,13.03.2026,,"281,932 km"
21477302,Scania,"€28,400                            
         Fixed price plus VAT        
        (€34,364 gross)",Veghel,R410 4X2 Retarder 2xTanks ACC,used,"Veghel, Netherlands",A214-77-302,11.03.2026,2018,"866,569 km"
21477277,DAF,"€19,900                            
         Fixed price plus VAT        
        (€24,079 gross)",Veghel,XF 480 XF 4X2 SSC 2xTanks Standklima ACC,used,"Veghel, Netherlands",A214-77-277,12.03.2026,2019,"731,334 km"
21477237,Volvo,"€12,400                            
         Fixed price plus VAT        
        (€15,004 gross)",Veghel,FH 440 4X2 NL-Truck VEB Euro5,used,"Veghel, Netherlands",A214-77-237,11.03.2026,2007,"865,033 km"
21477222,Mercedes,"€39,800                            
         Fixed price plus VAT        
        (€48,158 gross)",Veghel,Actros 2653 8X4 Manual! Retarder Full-Steel HMF...,used,"Veghel, Netherlands",A214-77-222,11.03.2026,2001,"340,017 km"
21477217,Scania,"€154,900                            
         Fixed price plus VAT        
        (€187,429 gross)",Veghel,S590 6X4 Full-Air Retarder 2xTanks Big-Axle Sta...,used,"Veghel, Netherlands",A214-77-217,11.03.2026,2023,"17,799 km"
21477167,Scania,"€174,900                            
         Fixed price plus VAT        
        (€211,629 gross)",Veghel,S590 6X4 NEW! Full-Air Retarder 2xTanks Big-Axl...,new,"Veghel, Netherlands",A214-77-167,13.03.2026,2023,499 km
19664766,Iveco,"€46,500                            
         Fixed price plus VAT        
        (€56,265 gross)",Veghel,S-Way 570 6X2 Full-Air Retarder Hydrauliek Lift...,used,"Veghel, Netherlands",A196-64-766,11.03.2026,2021,"273,498 km"
21182222,MAN,"€21,400                            
         Fixed price plus VAT        
        (€25,894 gross)",Veghel,TGS 18.480 4X4 Manual! Hydrodrive Big-Axle Hydr...,used,"Veghel, Netherlands",A211-82-222,11.03.2026,2014,"472,328 km"
20794742,Mercedes,"€19,500                            
         Fixed price plus VAT        
        (€23,595 gross)",Veghel,Actros 1845 4X2 StreamSpace Euro6,used,"Veghel, Netherlands",A207-94-742,11.03.2026,2018,"480,108 km"
21440657,Volvo,"€30,196                            
         Fixed price plus VAT        
        (€37,745 gross)",Norway,"FH520 tractor unit. 141,000 km!",used,Buskerud,A214-40-657,07.03.2026,2009,"141,000 km"
21475387,Scania,"€17,900                            
         Fixed price plus VAT        
        (€21,659 gross)",Veghel,R520 4X2 3-Pedals Retarder PTO 2x Tanks Full-Ai...,used,"Veghel, Netherlands",A214-75-387,11.03.2026,2016,"1,092,528 km"
21487352,DAF,"€30,400                            
         Fixed price plus VAT        
        (€36,784 gross)",Madrid,XF 530 4X2 SC Retarder,used,"Madrid, Spain",A214-87-352,12.03.2026,2021,"361,302 km"
21487312,DAF,"€30,400                            
         Fixed price plus VAT        
        (€36,784 gross)",Madrid,XF 530 4X2 SC Retarder,used,"Madrid, Spain",A214-87-312,12.03.2026,2021,"363,598 km"
21487302,DAF,"€30,400                            
         Fixed price plus VAT        
        (€36,784 gross)",Madrid,XF 530 4X2 SC Retarder,used,"Madrid, Spain",A214-87-302,12.03.2026,2021,"396,741 km"
21487292,DAF,"€30,400                            
         Fixed price plus VAT        
        (€36,784 gross)",Madrid,XF 530 4X2 SC Retarder,used,"Madrid, Spain",A214-87-292,12.03.2026,2021,"375,357 km"
21449917,Scania,"€62,263                            
         Fixed price plus VAT        
        (€77,829 gross)",Norway,R580 6x4 tractor unit w/ hydraulics,used,Vest-Agder,A214-49-917,07.03.2026,2018,"563,961 km"
21187471,DAF,"€49,900                            
         Fixed price plus VAT        
        (€59,381 gross)",Dortmund,XG 480 4X2 Retarder 2xTanks ACC LED BTS-DAF Dea...,used,"Dortmund, Germany",A211-87-471,12.03.2026,2022,"579,260 km"
21464357,SCANIA,"€11,950                            
         ONO plus VAT        
        (€14,460 gross)",Vuren,R500 V8 6X2 MANUAL,good (used),"Vuren, The Netherlands",A214-64-357,10.03.2026,2005,"1,572,883 km"
21464307,SCANIA,"€69,900                            
         ONO plus VAT        
        (€84,579 gross)",Vuren,R500 6X2/4 RETARDER,good (used),"Vuren, The Netherlands",A214-64-307,11.03.2026,2022,"381,560 km"
21489277,MAN,"€35,900                            
         Fixed price plus VAT        
        (€42,721 gross)",Dortmund,TGX 18.510 4X2 GX Mega Hebesattel Retarder 2xTa...,used,"Dortmund, Germany",A214-89-277,12.03.2026,2020,"543,341 km"
21464292,DAF,"€55,900                            
         ONO plus VAT        
        (€67,639 gross)",Vuren,XG+ 530 ALCOA'S PTO+HYDR.,good (used),"Vuren, The Netherlands",A214-64-292,11.03.2026,2022,"571,756 km"
21470722,DAF,"€31,900                            
         Fixed price plus VAT        
        (€38,599 gross)",Veghel,XF 530 4X2 Good Tyres! SC Retarder Standklima,used,"Veghel, Netherlands",A214-70-722,12.03.2026,2021,"448,467 km"
21470712,Scania,"€99,900                            
         Fixed price plus VAT        
        (€120,879 gross)",Veghel,R590 6X2 WB315! Full-Air Retarder Liftachse Lea...,used,"Veghel, Netherlands",A214-70-712,10.03.2026,2023,"535,106 km"
21470697,Scania,"€79,900                            
         Fixed price plus VAT        
        (€96,679 gross)",Veghel,S730 6X4 Full-Air Retarder ADR Leder,used,"Veghel, Netherlands",A214-70-697,10.03.2026,2020,"398,952 km"
21470652,DAF,"€9,300                            
         Fixed price plus VAT        
        (€11,253 gross)",Veghel,XF 460 4X2 SC Retarder 2xTanks Alcoa's Euro6,used,"Veghel, Netherlands",A214-70-652,10.03.2026,2013,"1,112,409 km"
21470512,DAF,"€31,900                            
         Fixed price plus VAT        
        (€38,599 gross)",Veghel,XF 480 4X2 SC Standklima,used,"Veghel, Netherlands",A214-70-512,13.03.2026,2021,"195,919 km"
21470462,MAN,"€19,900                            
         Fixed price plus VAT        
        (€24,079 gross)",Veghel,TGS 18.440 4X2 Retarder Hydraulik Big-Axle,used,"Veghel, Netherlands",A214-70-462,13.03.2026,2015,"272,200 km"
21187298,MAN,"€17,900                            
         Fixed price plus VAT        
        (€21,659 gross)",Veghel,TGS 18.460 4X2 LX Retarder Alcoa's,used,"Veghel, Netherlands",A211-87-298,10.03.2026,2019,"724,277 km"
21187292,MAN,"€17,900                            
         Fixed price plus VAT        
        (€21,659 gross)",Veghel,TGS 18.460 4X2 LX Retarder Alcoa's,used,"Veghel, Netherlands",A211-87-292,10.03.2026,2019,"735,712 km"
21187304,MAN,"€24,900                            
         Fixed price plus VAT        
        (€30,129 gross)",Veghel,TGS 18.470 4X2 Chassis M! LX Retarder 2xTanks A...,used,"Veghel, Netherlands",A211-87-304,10.03.2026,2020,"572,605 km"
21109522,MAN,"€24,900                            
         Fixed price plus VAT        
        (€30,129 gross)",Veghel,TGS 18.470 4X2 Chassis M! LX Retarder 2xTanks A...,used,"Veghel, Netherlands",A211-09-522,10.03.2026,2020,"559,918 km"
21468337,MAN,"€40,500                            
         Fixed price plus VAT        
        (€49,005 gross)",Heteren,TGX 18.470 GX,used,,A214-68-337,10.03.2026,2022,"470,262 km"
21187202,Mercedes,"€13,900                            
         Fixed price plus VAT        
        (€16,819 gross)",Veghel,Actros 1836 4X2 NL-Truck StreamSpace,used,"Veghel, Netherlands",A211-87-202,10.03.2026,2017,"894,306 km"
21187166,DAF,"€15,900                            
         Fixed price plus VAT        
        (€19,239 gross)",Veghel,XF 480 4X2 SSC Retarder PTO,used,"Veghel, Netherlands",A211-87-166,10.03.2026,2018,"750,855 km"
20732967,Scania,"€20,900                            
         Fixed price plus VAT        
        (€25,289 gross)",Veghel,R560 R 6X2 Manual Retarder Lift+Lenkachse Euro5,used,"Veghel, Netherlands",A207-32-967,10.03.2026,2011,"913,449 km"
20793567,Volvo,"€50,900                            
         Fixed price plus VAT        
        (€61,589 gross)",Veghel,FM 460 4X2 VEB Hydraulik LED Alcoa's,used,"Veghel, Netherlands",A207-93-567,10.03.2026,2021,"350,935 km"
21163652,DAF,"€72,400                            
         Fixed price plus VAT        
        (€87,604 gross)",Madrid,XG+ 530 4X2 Retarder - 2x Tanques - ACC -  Aire...,used,"Madrid, Spain",A211-63-652,11.03.2026,2023,"233,914 km"
21408532,Volvo,"€93,778                            
         Fixed price plus VAT        
        (€117,222 gross)",Norway,FH540 6x2 Tractor – 1 Owner! WATCH VIDEO,used,Sør-Trøndelag,A214-08-532,04.03.2026,2023,"342,000 km"
21465042,Volvo,"€31,900                            
         Fixed price plus VAT        
        (€38,599 gross)",Veghel,FH 420 FH 4X2 ADR VEB+ Alcoa's I-ParkCool,used,"Veghel, Netherlands",A214-65-042,10.03.2026,2019,"698,225 km"
21464987,Volvo,"€30,900                            
         Fixed price plus VAT        
        (€37,389 gross)",Veghel,FH 420 FH 4X2 ADR VEB+ Alcoa's I-ParkCool,used,"Veghel, Netherlands",A214-64-987,15.03.2026,2019,"708,589 km"
21463992,MERCEDES-BENZ,"€67,000                            
         Fixed price plus VAT        
        (€81,070 gross)",Heteren,Actros 5 1845 BigSpace,used,,A214-63-992,10.03.2026,2023,"301,436 km"
21464887,Ford,"€34,400                            
         Fixed price plus VAT        
        (€41,624 gross)",Veghel,F-Max 500 4X2 Retarder Standklima 2xTanks ACC LED,used,"Veghel, Netherlands",A214-64-887,10.03.2026,2023,"245,954 km"
21464867,Ford,"€33,900                            
         Fixed price plus VAT        
        (€41,019 gross)",Veghel,F-Max 500 4X2 Retarder Standklima 2xTanks ACC LED,used,"Veghel, Netherlands",A214-64-867,10.03.2026,2022,"159,473 km"
21464847,Ford,"€34,900                            
         Fixed price plus VAT        
        (€42,229 gross)",Veghel,F-Max 500 4X2 Retarder 2xTanks ACC LED,used,"Veghel, Netherlands",A214-64-847,11.03.2026,2022,"125,060 km"
21464817,Scania,"€17,400                            
         Fixed price plus VAT        
        (€21,054 gross)",Veghel,R410 4X2 Mega Retarder Hebesattel 2xTanks,used,"Veghel, Netherlands",A214-64-817,10.03.2026,2014,"698,343 km"
21463522,VOLVO,"€77,500                            
         Fixed price plus VAT        
        (€93,775 gross)",Heteren,FH 500 Globetrotter XL,used,,A214-63-522,10.03.2026,2023,"259,831 km"
21463517,MERCEDES-BENZ,"€63,900                            
         Fixed price plus VAT        
        (€77,319 gross)",Heteren,Actros 5 1845 BigSpace,used,,A214-63-517,10.03.2026,2023,"353,351 km"
21464272,Volvo,"€34,900                            
         Fixed price plus VAT        
        (€42,229 gross)",Veghel,FM 450 FH 6X2 ADR! VEB Lift+Lenkachse,used,"Veghel, Netherlands",A214-64-272,10.03.2026,2017,"239,330 km"
21474712,Volvo,"€68,900                            
         Fixed price plus VAT        
        (€83,369 gross)",Madrid,FH 460 4X2 VEB+ TC 2xTanks I-ParkCool Navi,used,"Madrid, Spain",A214-74-712,11.03.2026,2023,"345,005 km"
21474702,Volvo,"€68,900                            
         Fixed price plus VAT        
        (€83,369 gross)",Madrid,FH 460 4X2 VEB+ TC 2xTanks I-ParkCool Navi,used,"Madrid, Spain",A214-74-702,12.03.2026,2023,"363,130 km"
21187480,DAF,"€9,900                            
                                            €10,700                                    
         Fixed price plus VAT        
        (€11,979 gross)",Veghel,XF 480 XF 4X2 SSC 2xTanks,used,"Veghel, Netherlands",A211-87-480,11.03.2026,2018,"936,881 km"
19645526,Renault,"€36,500                            
         Fixed price plus VAT        
        (€44,165 gross)",Veghel,T 520 6X4 Retarder Hydraulik Big-Axle,used,"Veghel, Netherlands",A196-45-526,11.03.2026,2017,"524,549 km"
21454577,VOLVO,"€19,900                            
         ONO plus VAT        
        (€24,079 gross)",Vuren,FH 460 LNG GAS,good (used),"Vuren, The Netherlands",A214-54-577,11.03.2026,2019,"565,919 km"
21454557,MERCEDES-BENZ,"€49,950                            
         ONO plus VAT        
        (€60,440 gross)",Vuren,ACTROS 1851 MP4 BIGSPACE ALCOA'S,good (used),"Vuren, The Netherlands",A214-54-557,11.03.2026,2022,"459,469 km"
21453932,VOLVO,"€19,900                            
         ONO plus VAT        
        (€24,079 gross)",Vuren,FM 13.500 EEV 10X4 HEAVY DUTY,good (used),"Vuren, The Netherlands",A214-53-932,09.03.2026,2011,"751,411 km"
21460882,Iveco,"€49,900                            
         Fixed price plus VAT        
        (€60,379 gross)",Veghel,S-Way 490 S-Way 4X2 AS Retarder 2xTanks Navi St...,used,"Veghel, Netherlands",A214-60-882,13.03.2026,2023,"292,782 km"
21460872,DAF,"€29,400                            
         Fixed price plus VAT        
        (€35,574 gross)",Veghel,XF 530 4X2 SC Retarder,used,"Veghel, Netherlands",A214-60-872,13.03.2026,2021,"362,712 km"
21460867,DAF,"€29,400                            
         Fixed price plus VAT        
        (€35,574 gross)",Veghel,XF 480 4X2 SC Standklima,used,"Veghel, Netherlands",A214-60-867,13.03.2026,2021,"228,862 km"
21460827,Volvo,"€51,900                            
         Fixed price plus VAT        
        (€62,799 gross)",Veghel,FH 460 4X2 VEB+ TC 2xTanks PTO Alcoa's,used,"Veghel, Netherlands",A214-60-827,09.03.2026,2021,"470,391 km"
21460817,Mercedes,"€14,900                            
         Fixed price plus VAT        
        (€18,029 gross)",Veghel,Actros 1943 4X2 Bigspace Hydraulic ACC,used,"Veghel, Netherlands",A214-60-817,09.03.2026,2016,"739,734 km"
21460797,Volvo,"€21,900                            
         Fixed price plus VAT        
        (€26,499 gross)",Veghel,FM 460 4X2 LXL VEB+ PTO Euro6,used,"Veghel, Netherlands",A214-60-797,13.03.2026,2015,"578,740 km"
21460787,Scania,"€12,900                            
         Fixed price plus VAT        
        (€15,609 gross)",Veghel,R440 6X2 Manual! Retarder Lift+Lenkachse Standk...,used,"Veghel, Netherlands",A214-60-787,09.03.2026,2009,"945,296 km"
21460742,Renault,"€17,900                            
         Fixed price plus VAT        
        (€21,659 gross)",Veghel,T 520 4X2 HIGH Retarder 2xTanks Full-Air Alcoa'...,used,"Veghel, Netherlands",A214-60-742,12.03.2026,2014,"1,000,121 km"
21460737,DAF,"€16,900                            
         Fixed price plus VAT        
        (€20,449 gross)",Veghel,XF 460 6X2 FTG NL-Truck SC Lift+Lenk,used,"Veghel, Netherlands",A214-60-737,09.03.2026,2015,"834,235 km"
21460712,Scania,"€29,900                            
         Fixed price plus VAT        
        (€36,179 gross)",Veghel,R410 4X2 ADR AT! Retarder Alcoa's Full-Air,used,"Veghel, Netherlands",A214-60-712,09.03.2026,2020,"835,803 km"
21460707,Scania,"€28,900                            
         Fixed price plus VAT        
        (€34,969 gross)",Veghel,R410 R 4X2 ADR AT! Retarder Alcoa's Full-Air,used,"Veghel, Netherlands",A214-60-707,09.03.2026,2020,"925,258 km"
21460697,Volvo,"€45,400                            
         Fixed price plus VAT        
        (€54,934 gross)",Veghel,FH 460 4X2 ADR Retarder VEB+ Alcoa's,used,"Veghel, Netherlands",A214-60-697,10.03.2026,2020,"636,949 km"
21460647,MAN,"€28,900                            
         Fixed price plus VAT        
        (€34,969 gross)",Veghel,TGX 18.470 4X2 GX Mega Retarder 2xTanks,used,"Veghel, Netherlands",A214-60-647,09.03.2026,2021,"653,970 km"
21460642,MAN,"€31,400                            
         Fixed price plus VAT        
        (€37,994 gross)",Veghel,TGX 18.470 4X2 GX Mega Retarder 2xTanks,used,"Veghel, Netherlands",A214-60-642,09.03.2026,2021,"482,875 km"
21460627,MAN,"€31,900                            
         Fixed price plus VAT        
        (€38,599 gross)",Veghel,TGX 18.470 4X2 GX Mega Retarder 2xTanks,used,"Veghel, Netherlands",A214-60-627,09.03.2026,2021,"464,694 km"
21460617,MAN,"€31,900                            
         Fixed price plus VAT        
        (€38,599 gross)",Veghel,TGX 18.470 4X2 GX Mega Retarder 2xTanks,used,"Veghel, Netherlands",A214-60-617,09.03.2026,2021,"469,348 km"
21454617,VOLVO,"€59,000                            
         Fixed price plus VAT        
        (€71,390 gross)",Heteren,FH 460 Globetrotter XL Varios i-Save,used,,A214-54-617,09.03.2026,2022,"436,271 km"
21456402,Scania,"€120,900                            
         Fixed price plus VAT        
        (€146,289 gross)",Veghel,S460 4X2 NEW! Retarder Full-Air 2xTanks LED ACC...,new,"Veghel, Netherlands",A214-56-402,09.03.2026,2026,11 km
21456207,Renault,"€9,400                            
         Fixed price plus VAT        
        (€11,374 gross)",Veghel,Magnum 480 Magnum 4X2 NL-Truck TUV-2027!,used,"Veghel, Netherlands",A214-56-207,09.03.2026,2005,"824,265 km"
21454077,DAF,"€22,900                            
         Fixed price plus VAT        
        (€27,709 gross)",Veghel,XF 480 4X2 SC Mega 2xTanks,used,"Veghel, Netherlands",A214-54-077,09.03.2026,2021,"574,205 km"
21454072,DAF,"€22,400                            
         Fixed price plus VAT        
        (€27,104 gross)",Veghel,XF 480 4X2 SC Mega 2xTanks,used,"Veghel, Netherlands",A214-54-072,09.03.2026,2021,"606,482 km"
21470942,DAF,"€66,400                            
         Fixed price plus VAT        
        (€79,016 gross)",Dortmund,XG+ 530 4X2 Retarder 2xTanks Standklima,used,"Dortmund, Germany",A214-70-942,11.03.2026,2023,"224,085 km"
21470937,DAF,"€53,800                            
         Fixed price plus VAT        
        (€64,022 gross)",Dortmund,XG 530 4X2 Retarder 2xTanks,used,"Dortmund, Germany",A214-70-937,11.03.2026,2022,"281,595 km"
21470932,DAF,"€53,800                            
         Fixed price plus VAT        
        (€64,022 gross)",Dortmund,XG 530 4X2 Retarder 2xTanks,used,"Dortmund, Germany",A214-70-932,11.03.2026,2022,"281,513 km"
21501512,MAN,"€39,400                            
         Fixed price plus VAT        
        (€47,674 gross)",Sagunto,TGX 18.470 GX,used,,A215-01-512,13.03.2026,2022,"500,943 km"
21501502,MAN,"€52,800                            
         Fixed price plus VAT        
        (€63,888 gross)",Sagunto,TGX 18.470 GX,used,,A215-01-502,13.03.2026,2022,"272,360 km"
21501027,SCANIA,"€71,300                            
         Fixed price plus VAT        
        (€86,273 gross)",Sagunto,R450 CR20H Retarder ACC,used,,A215-01-027,13.03.2026,2023,"381,279 km"
21501002,VOLVO,"€73,800                            
         Fixed price plus VAT        
        (€89,298 gross)",Sagunto,FH 460 Globetrotter XL Retarder i-Save,used,,A215-01-002,13.03.2026,2023,"307,160 km"
21500117,VOLVO,"€75,400                            
         Fixed price plus VAT        
        (€91,234 gross)",Sagunto,FH 460 XL i-Save I-ParkCool Retarder,used,,A215-00-117,13.03.2026,2023,"320,134 km"
21500112,VOLVO,"€71,000                            
         Fixed price plus VAT        
        (€85,910 gross)",Sagunto,FH 460 Globetrotter XL i-Save I-ParkCool,used,,A215-00-112,13.03.2026,2023,"297,779 km"
21460857,DAF,"€30,900                            
         Fixed price plus VAT        
        (€37,389 gross)",Madrid,XF 530 4X2 SC Retarder,used,"Madrid, Spain",A214-60-857,10.03.2026,2021,"335,708 km"
21459157,DAF,"€45,400                            
         Fixed price plus VAT        
        (€54,026 gross)",Dortmund,XF 480 4X2 2xTanks ACC,used,"Dortmund, Germany",A214-59-157,14.03.2026,2022,"362,720 km"
21459147,DAF,"€45,400                            
         Fixed price plus VAT        
        (€54,026 gross)",Dortmund,XF 480 4X2 2xTanks ACC,used,"Dortmund, Germany",A214-59-147,14.03.2026,2022,"378,661 km"
21458982,DAF,"€24,900                            
         Fixed price plus VAT        
        (€29,631 gross)",Dortmund,XF 480 4X2 SC Hydraulic,used,"Dortmund, Germany",A214-58-982,11.03.2026,2020,"412,280 km"
21458962,DAF,"€52,900                            
         Fixed price plus VAT        
        (€62,951 gross)",Dortmund,XG 480 4X2 Retarder 2xTanks,used,"Dortmund, Germany",A214-58-962,09.03.2026,2022,"327,638 km"
21458947,DAF,"€49,900                            
         Fixed price plus VAT        
        (€59,381 gross)",Dortmund,XF 480 4X2 Retarder 2xTanks,used,"Dortmund, Germany",A214-58-947,11.03.2026,2022,"394,637 km"
21450162,DAF,"€39,900                            
         ONO plus VAT        
        (€48,279 gross)",Vuren,XF 530 FTT 6X4 60T PTO+HYDR,good (used),"Vuren, The Netherlands",A214-50-162,11.03.2026,2019,"504,855 km"
21450147,DAF,"€21,950                            
         ONO plus VAT        
        (€26,560 gross)",Vuren,XF 480 SSC 6X2 FTG,good (used),"Vuren, The Netherlands",A214-50-147,07.03.2026,2018,"808,055 km"
21487707,VOLVO,"€66,300                            
         Fixed price plus VAT        
        (€80,223 gross)",Sagunto,FH 460 Globetrotter XL i-Save I-ParkCool,used,,A214-87-707,12.03.2026,2022,"321,798 km"
20714600,MAN,"€63,890                            
                                            €65,890                                    
         Fixed price plus VAT        
        (€76,029 gross)",Lichtenfels,"18.580 LL SA, Voll- Luft Federung, Kipphydraulik",used,,A207-14-600,13.03.2026,2022,"299,355 km"
21494952,MAN,"€48,990                            
         Fixed price plus VAT        
        (€58,298 gross)",Lichtenfels,"TGX 18.510 BL SA Kipphydr., MIETEN?",used,,A214-94-952,13.03.2026,2022,"296,117 km"
21495012,FORD,"€36,017                            
         Fixed price plus VAT        
        (€42,860 gross)",Eilenburg,F-Max Sattelzugmaschine,used,,A214-95-012,13.03.2026,,"165,114 km"
21451057,MAN,"€28,900                            
         Fixed price plus VAT        
        (€34,969 gross)",Veghel,TGS 18.470 4X2 Retarder ADR ACC,used,"Veghel, Netherlands",A214-51-057,07.03.2026,2020,"735,490 km"
21451052,Volvo,"€44,900                            
         Fixed price plus VAT        
        (€54,329 gross)",Veghel,FH 460 4X2 ADR Retarder VEB+ Alcoa's,used,"Veghel, Netherlands",A214-51-052,10.03.2026,2020,"693,581 km"
21451037,DAF,"€30,900                            
         Fixed price plus VAT        
        (€37,389 gross)",Veghel,XF 530 4X2 SSC Retarder 2xTanks Full-Air Standk...,used,"Veghel, Netherlands",A214-51-037,13.03.2026,2021,"604,093 km"
21451032,Volvo,"€11,900                            
         Fixed price plus VAT        
        (€14,399 gross)",Veghel,FM 340 FM 4X2 NL-Truck VEB Euro 3,used,"Veghel, Netherlands",A214-51-032,07.03.2026,2005,"654,924 km"
21451017,DAF,"€9,900                            
         Fixed price plus VAT        
        (€11,979 gross)",Veghel,XF 480 4X2 SC Hydraulik,used,"Veghel, Netherlands",A214-51-017,10.03.2026,2019,"887,848 km"
21451007,MAN,"€34,800                            
         Fixed price plus VAT        
        (€42,108 gross)",Veghel,TGX 18.510 4X2 GX Retarder ACC Standklima,used,"Veghel, Netherlands",A214-51-007,09.03.2026,2020,"486,383 km"
